{
  "1769880782.2928905": {
    "time": 300.0,
    "solve_time": 300.0,
    "optimize_time": 0.0,
    "optimal": false,
    "obj": "None",
    "sol": [],
    "params": {
      "optimize": true,
      "circle": true,
      "sb_fix_period": false,
      "sb_lex_periods": false,
      "implied_constraints": false,
      "solver": "z3"
    }
  },
  "1769881083.4607322": {
    "time": 300.0,
    "solve_time": 300.0,
    "optimize_time": 0.0,
    "optimal": false,
    "obj": "None",
    "sol": [],
    "params": {
      "optimize": true,
      "circle": true,
      "sb_fix_period": false,
      "sb_lex_periods": false,
      "implied_constraints": true,
      "solver": "z3"
    }
  },
  "1769881576.1026866": {
    "time": 300.0,
    "solve_time": 300.0,
    "optimize_time": 0.0,
    "optimal": false,
    "obj": "None",
    "sol": [],
    "params": {
      "optimize": true,
      "circle": true,
      "sb_fix_period": false,
      "sb_lex_periods": true,
      "implied_constraints": true,
      "solver": "z3"
    }
  },
  "1769881696.6254554": {
    "time": 120.0,
    "solve_time": 117.03,
    "optimize_time": 3.28,
    "optimal": true,
    "obj": 1,
    "sol": [[[1,18],[14,7],[2,4],[3,5],[15,12],[4,8],[6,8],[3,13],[1,17],[10,18],[13,9],[2,5],[15,11],[16,12],[16,14],[9,6],[10,7]],[[17,2],[2,18],[15,8],[16,9],[14,13],[5,7],[9,5],[6,10],[15,3],[3,17],[18,11],[8,16],[12,14],[10,1],[1,12],[11,4],[13,4]],[[6,13],[17,4],[18,3],[10,15],[16,11],[3,9],[12,2],[15,1],[7,11],[14,6],[5,17],[12,18],[16,10],[7,4],[5,8],[13,2],[8,9]],[[11,8],[6,15],[17,6],[4,18],[1,9],[13,16],[11,3],[2,14],[8,10],[4,16],[7,15],[7,17],[18,13],[9,2],[10,3],[14,1],[12,5]],[[4,15],[3,1],[12,11],[17,8],[18,5],[10,2],[1,13],[4,12],[2,16],[7,13],[8,14],[9,15],[9,17],[14,18],[6,7],[5,10],[11,6]],[[5,14],[9,12],[13,10],[14,11],[17,10],[18,6],[15,16],[9,7],[12,6],[1,2],[3,2],[3,4],[5,4],[11,17],[18,15],[8,7],[16,1]],[[9,10],[11,10],[14,9],[12,13],[3,7],[17,12],[7,18],[11,5],[4,14],[15,5],[6,16],[1,6],[8,1],[8,3],[13,17],[16,18],[2,15]],[[7,12],[5,16],[16,7],[2,6],[2,8],[1,11],[17,14],[8,18],[5,13],[11,9],[4,1],[10,14],[6,3],[13,15],[9,4],[12,3],[18,17]],[[16,3],[13,8],[1,5],[7,1],[4,6],[15,14],[4,10],[17,16],[18,9],[8,12],[10,12],[13,11],[7,2],[6,5],[2,11],[15,17],[14,3]]],
    "params": {
      "optimize": true,
      "circle": true,
      "sb_fix_period": true,
      "sb_lex_periods": false,
      "implied_constraints": false,
      "solver": "z3"
    }
  },
  "1769881759.1058943": {
    "time": 62.0,
    "solve_time": 58.36,
    "optimize_time": 3.84,
    "optimal": true,
    "obj": 1,
    "sol": [[[1,18],[15,6],[2,4],[16,9],[12,15],[4,8],[3,11],[13,3],[17,1],[18,10],[13,9],[5,2],[14,12],[6,5],[14,16],[7,8],[7,10]],[[2,17],[18,2],[12,11],[10,15],[4,6],[16,13],[5,9],[7,9],[8,10],[3,17],[11,18],[8,16],[5,4],[13,15],[7,6],[1,14],[3,14]],[[9,10],[17,4],[18,3],[2,6],[14,13],[1,11],[16,15],[5,11],[14,4],[13,7],[5,17],[18,12],[10,16],[8,3],[1,12],[9,6],[15,2]],[[6,13],[16,5],[17,6],[4,18],[3,7],[15,14],[2,12],[1,15],[2,16],[9,11],[10,12],[7,17],[18,13],[10,1],[8,5],[11,4],[9,8]],[[15,4],[3,1],[16,7],[8,17],[18,5],[9,3],[4,10],[14,2],[6,12],[8,12],[7,15],[11,13],[9,17],[14,18],[11,2],[5,10],[16,1]],[[3,16],[12,9],[9,14],[1,7],[10,17],[18,6],[6,8],[4,12],[7,11],[5,15],[3,2],[14,10],[8,1],[17,11],[15,18],[13,2],[4,13]],[[11,8],[7,14],[10,13],[5,3],[1,9],[17,12],[7,18],[6,10],[15,3],[4,16],[8,14],[6,1],[11,15],[2,9],[13,17],[16,18],[12,5]],[[12,7],[13,8],[1,5],[11,14],[16,11],[10,2],[17,14],[18,8],[13,5],[2,1],[6,16],[15,9],[3,6],[4,7],[9,4],[12,3],[17,18]],[[14,5],[11,10],[8,15],[12,13],[2,8],[5,7],[1,13],[17,16],[18,9],[6,14],[4,1],[3,4],[2,7],[12,16],[10,3],[15,17],[11,6]]],
    "params": {
      "optimize": true,
      "circle": true,
      "sb_fix_period": true,
      "sb_lex_periods": false,
      "implied_constraints": true,
      "solver": "z3"
    }
  },
  "1769883952.488109": {
    "time": 2193.0,
    "solve_time": 2193.1,
    "optimize_time": 0.0,
    "optimal": true,
    "obj": "None",
    "sol": [],
    "params": {
      "optimize": true,
      "circle": true,
      "sb_fix_period": true,
      "sb_lex_periods": true,
      "implied_constraints": false,
      "solver": "z3"
    }
  },
  "1769884103.4198098": {
    "time": 150.0,
    "solve_time": 150.68,
    "optimize_time": 0.0,
    "optimal": true,
    "obj": "None",
    "sol": [],
    "params": {
      "optimize": true,
      "circle": true,
      "sb_fix_period": true,
      "sb_lex_periods": true,
      "implied_constraints": true,
      "solver": "z3"
    }
  },
  "1769886550.4069207": {
    "time": 272.0,
    "solve_time": 272.48,
    "optimize_time": 0.0,
    "optimal": true,
    "obj": "None",
    "sol": [[[15,4],[1,3],[17,6],[14,11],[16,11],[2,10],[18,7],[17,16],[5,13],[6,14],[9,13],[18,12],[8,1],[9,2],[8,5],[12,3],[10,7]],[[12,7],[12,9],[15,8],[15,10],[1,9],[1,11],[6,8],[6,10],[4,14],[7,13],[3,2],[5,2],[5,4],[11,17],[13,17],[18,16],[14,3]],[[17,2],[17,4],[13,10],[16,9],[15,12],[5,7],[3,11],[4,12],[8,10],[5,15],[6,16],[6,1],[18,13],[18,14],[11,2],[14,1],[9,8]],[[14,5],[13,8],[12,11],[1,7],[3,7],[18,6],[4,10],[18,8],[2,16],[3,17],[10,12],[9,15],[9,17],[6,5],[14,16],[11,4],[15,2]],[[16,3],[11,10],[16,7],[17,8],[18,5],[4,8],[17,14],[2,14],[3,15],[18,10],[4,1],[11,13],[7,2],[13,15],[12,1],[9,6],[12,5]],[[10,9],[14,7],[18,3],[3,5],[2,8],[17,12],[5,9],[1,15],[6,12],[4,16],[18,11],[8,16],[11,15],[10,1],[7,6],[13,2],[13,4]],[[18,1],[16,5],[1,5],[2,6],[4,6],[16,13],[2,12],[3,13],[7,11],[9,11],[7,15],[10,14],[12,14],[8,3],[9,4],[15,17],[18,17]],[[11,8],[15,6],[2,4],[18,4],[14,13],[15,14],[1,13],[7,9],[18,9],[8,12],[5,17],[7,17],[6,3],[12,16],[10,3],[10,5],[16,1]],[[13,6],[18,2],[14,9],[13,12],[17,10],[3,9],[16,15],[5,11],[1,17],[2,1],[8,14],[4,3],[10,16],[7,4],[18,15],[8,7],[11,6]]],
    "params": {
      "optimize": false,
      "circle": true,
      "sb_fix_period": false,
      "sb_lex_periods": false,
      "implied_constraints": false,
      "solver": "z3"
    }
  },
  "1769886852.5415406": {
    "time": 300.0,
    "solve_time": 300.0,
    "optimize_time": 0.0,
    "optimal": false,
    "obj": "None",
    "sol": [],
    "params": {
      "optimize": false,
      "circle": true,
      "sb_fix_period": false,
      "sb_lex_periods": false,
      "implied_constraints": true,
      "solver": "z3"
    }
  },
  "1769887089.1308374": {
    "time": 236.0,
    "solve_time": 236.36,
    "optimize_time": 0.0,
    "optimal": true,
    "obj": "None",
    "sol": [[[18,1],[15,6],[16,7],[2,6],[1,9],[17,12],[16,15],[3,13],[5,13],[9,11],[10,12],[10,14],[7,2],[8,3],[8,5],[11,4],[18,17]],[[17,2],[11,10],[17,6],[1,7],[14,13],[5,7],[2,12],[18,8],[18,9],[5,15],[6,16],[4,3],[11,15],[10,1],[14,16],[12,3],[13,4]],[[16,3],[17,4],[13,10],[14,11],[18,5],[4,8],[6,8],[1,15],[7,11],[18,10],[9,13],[5,2],[12,14],[9,2],[7,6],[15,17],[16,1]],[[15,4],[13,8],[2,4],[16,9],[3,7],[15,14],[5,9],[6,10],[2,16],[8,12],[18,11],[18,12],[6,3],[11,17],[13,17],[14,1],[10,7]],[[14,5],[12,9],[15,8],[18,4],[17,10],[18,6],[1,13],[7,9],[3,15],[2,1],[8,14],[7,17],[5,4],[12,16],[10,3],[13,2],[11,6]],[[13,6],[14,7],[14,9],[13,12],[2,8],[1,11],[4,10],[5,11],[1,17],[3,17],[3,2],[8,16],[10,16],[7,4],[18,15],[9,6],[12,5]],[[12,7],[1,3],[18,3],[15,10],[16,11],[2,10],[17,14],[4,12],[4,14],[7,13],[5,17],[9,15],[8,1],[6,5],[11,2],[18,16],[9,8]],[[11,8],[18,2],[12,11],[3,5],[15,12],[16,13],[18,7],[17,16],[8,10],[6,14],[4,1],[6,1],[9,17],[13,15],[9,4],[10,5],[14,3]],[[10,9],[16,5],[1,5],[17,8],[4,6],[3,9],[3,11],[2,14],[6,12],[4,16],[7,15],[11,13],[18,13],[18,14],[12,1],[8,7],[15,2]]],
    "params": {
      "optimize": false,
      "circle": true,
      "sb_fix_period": false,
      "sb_lex_periods": true,
      "implied_constraints": false,
      "solver": "z3"
    }
  },
  "1769887391.7928903": {
    "time": 300.0,
    "solve_time": 300.0,
    "optimize_time": 0.0,
    "optimal": false,
    "obj": "None",
    "sol": [],
    "params": {
      "optimize": false,
      "circle": true,